product,totalcost,product_quantity,postedRole,created
Campanulaceae,80.62,44,Farmer,2019-01-08T11:27:55Z
Rhamnaceae,49.30,95,Supplier,2019-02-22T14:42:09Z
Commelinaceae,97.73,54,Supplier,2019-04-11T15:31:32Z
Asteraceae,1.82,39,Farmer,2018-09-13T16:46:05Z
Euphorbiaceae,11.52,38,Farmer,2018-09-20T01:21:23Z
Onagraceae,65.67,40,Supplier,2018-12-09T02:16:52Z
Fabaceae,72.75,47,Retailer,2019-04-05T09:37:43Z
Brassicaceae,67.95,38,Farmer,2018-11-01T06:51:49Z
Amaranthaceae,94.74,23,Farmer,2019-01-10T16:23:59Z
Fabaceae,38.55,89,Retailer,2018-12-05T16:01:51Z
Fabaceae,0.94,59,Farmer,2018-08-24T21:45:13Z
Betulaceae,95.74,56,Supplier,2019-01-13T02:36:10Z
Cyperaceae,67.04,70,Supplier,2018-07-13T21:43:06Z
Asteraceae,95.74,18,Supplier,2018-08-23T07:50:22Z
Orthotrichaceae,79.96,3,Farmer,2018-05-30T00:45:28Z
Fabaceae,55.52,30,Retailer,2019-03-16T19:42:10Z
Ranunculaceae,85.57,70,Retailer,2019-04-06T20:13:40Z
Loasaceae,17.28,98,Supplier,2018-12-09T17:11:26Z
Brassicaceae,48.17,12,Farmer,2018-09-24T11:20:35Z
Scrophulariaceae,22.66,70,Retailer,2018-10-31T23:30:13Z
Ramalinaceae,18.30,91,Retailer,2019-02-21T00:56:49Z
Peltigeraceae,70.31,48,Supplier,2018-12-30T21:09:19Z
Polygonaceae,78.66,89,Supplier,2018-07-27T17:48:07Z
Grammitidaceae,29.68,25,Retailer,2018-09-05T09:34:01Z
Rubiaceae,86.76,68,Farmer,2018-09-24T09:17:08Z
Rhizophoraceae,99.03,45,Farmer,2019-01-10T06:36:51Z
Onagraceae,61.72,87,Retailer,2019-03-18T16:46:24Z
Asteraceae,98.59,60,Farmer,2018-09-29T11:50:09Z
Lamiaceae,17.90,33,Farmer,2018-12-11T16:49:10Z
Fabaceae,21.81,95,Supplier,2019-02-04T15:13:59Z
Polygonaceae,69.09,18,Supplier,2018-09-20T09:56:12Z
Equisetaceae,6.10,42,Farmer,2018-09-14T17:16:00Z
Cyperaceae,50.71,79,Retailer,2019-01-01T15:12:16Z
Apiaceae,96.22,51,Supplier,2018-11-02T14:34:08Z
Asteraceae,9.66,12,Supplier,2018-11-13T00:55:58Z
Caryophyllaceae,60.97,97,Retailer,2018-12-17T23:58:57Z
Cyperaceae,97.20,55,Farmer,2018-07-10T21:07:40Z
Bryaceae,97.89,45,Supplier,2019-02-17T15:07:33Z
Pteridaceae,87.91,15,Retailer,2018-09-15T02:39:30Z
Rosaceae,80.95,18,Supplier,2018-08-21T22:04:01Z
Malvaceae,45.27,16,Supplier,2018-09-27T13:42:21Z
Chenopodiaceae,48.62,29,Farmer,2019-01-20T14:47:36Z
Saxifragaceae,69.41,56,Farmer,2018-06-01T01:35:38Z
Fabaceae,54.95,65,Retailer,2018-09-02T05:57:33Z
Asteraceae,49.58,57,Supplier,2018-07-25T20:52:15Z
Porpidiaceae,92.77,7,Supplier,2019-03-14T01:47:08Z
Cuscutaceae,22.16,30,Farmer,2018-10-17T04:02:48Z
Asteraceae,11.25,19,Farmer,2018-09-06T03:18:05Z
Fabaceae,92.42,19,Retailer,2019-04-11T01:31:16Z
Cyperaceae,23.74,3,Farmer,2018-11-04T19:32:35Z
Portulacaceae,8.97,59,Farmer,2019-01-31T11:04:15Z
Caryophyllaceae,77.39,76,Retailer,2019-03-09T01:45:00Z
Fabaceae,15.16,6,Retailer,2018-12-02T22:25:28Z
Fabaceae,8.44,12,Supplier,2019-01-13T12:07:35Z
Brassicaceae,27.28,3,Retailer,2019-01-31T08:18:06Z
Scrophulariaceae,64.41,53,Supplier,2018-05-22T19:35:46Z
Polygonaceae,6.07,44,Farmer,2018-11-23T20:23:38Z
Polemoniaceae,11.66,37,Retailer,2018-10-29T06:43:19Z
Poaceae,86.12,90,Retailer,2019-01-23T13:36:46Z
Rosaceae,83.77,60,Supplier,2019-01-12T15:02:45Z
Liliaceae,15.48,53,Retailer,2018-11-25T19:06:44Z
Gesneriaceae,30.06,85,Supplier,2018-10-20T11:33:52Z
Melastomataceae,43.89,1,Farmer,2018-08-09T04:51:27Z
Cyperaceae,73.58,15,Supplier,2019-01-31T08:02:08Z
Rosaceae,86.20,55,Retailer,2018-07-27T09:54:48Z
Liliaceae,82.80,46,Supplier,2019-03-18T01:50:21Z
Cyperaceae,78.19,86,Supplier,2019-01-24T14:38:22Z
Lamiaceae,68.08,7,Retailer,2018-10-01T14:19:12Z
Caryophyllaceae,18.92,38,Farmer,2018-05-25T22:44:44Z
Liliaceae,97.53,4,Farmer,2018-09-08T08:30:29Z
Catillariaceae,71.14,11,Supplier,2019-04-07T08:51:37Z
Brassicaceae,91.57,25,Supplier,2018-07-31T01:38:23Z
Solanaceae,93.87,61,Supplier,2018-11-30T19:16:08Z
Fabaceae,38.57,74,Retailer,2018-07-01T14:58:06Z
Solanaceae,62.68,74,Retailer,2018-07-05T12:13:50Z
Fabaceae,13.39,75,Supplier,2018-08-11T06:52:30Z
Poaceae,69.37,7,Supplier,2018-07-13T01:00:33Z
Droseraceae,14.47,8,Retailer,2019-04-02T04:52:46Z
Myrsinaceae,31.37,14,Supplier,2018-11-18T00:36:26Z
Ranunculaceae,1.77,66,Retailer,2018-06-05T15:39:09Z
Liliaceae,56.76,35,Retailer,2018-09-28T22:52:12Z
Euphorbiaceae,86.63,9,Retailer,2018-06-06T09:02:18Z
Rosaceae,60.08,38,Retailer,2018-05-15T08:16:57Z
Solanaceae,18.82,59,Supplier,2018-12-12T13:01:21Z
Polemoniaceae,92.44,59,Retailer,2018-05-21T13:04:58Z
Clusiaceae,0.68,14,Farmer,2018-10-20T11:44:36Z
Apiaceae,97.60,64,Retailer,2018-06-09T03:58:18Z
Juncaceae,68.96,31,Retailer,2018-12-03T11:47:00Z
Lamiaceae,35.51,67,Supplier,2018-07-03T11:24:48Z
Polemoniaceae,67.62,19,Supplier,2018-07-09T08:46:18Z
Apiaceae,3.86,29,Farmer,2019-01-09T22:53:37Z
Oleaceae,11.73,21,Retailer,2018-08-16T01:06:29Z
Haloragaceae,81.85,53,Farmer,2018-10-19T11:16:26Z
Fabaceae,83.75,94,Farmer,2018-09-09T04:28:30Z
Asteraceae,13.12,54,Retailer,2019-01-27T20:37:10Z
Euphorbiaceae,50.64,7,Supplier,2018-07-22T16:00:45Z
Rosaceae,18.08,28,Farmer,2018-06-09T20:42:01Z
Fabaceae,51.32,1,Retailer,2018-05-10T20:10:14Z
Rosaceae,62.47,82,Farmer,2018-05-24T19:59:15Z
Brassicaceae,42.30,78,Retailer,2018-10-14T04:15:20Z
